id,game_id,payload_json,platform,post_url,status,created
1,9af813d5-713d-42e4-9a62-f4faefd16cea,"{""body"": ""Challenge yourself with the Slithering Snake Challenge! ?? Navigate, collect food, and avoid crashing! How high can you score? ?? #SlitheringSnake #GamingChallenge #HighScore"", ""hashtags"": ""#SlitheringSnake,#GamingChallenge,#HighScore"", ""headline"": ""Can You Beat the Slithering Snake?"", ""call_to_action"": ""Play now and show us your score!""}",twitter,twitter.com/mock_url,posted,11/5/2025 17:03
2,9af813d5-713d-42e4-9a62-f4faefd16cea,"{""body"": ""Challenge yourself with the Slithering Snake Challenge! ?? Navigate, collect food, and avoid crashing! How high can you score? ?? #SlitheringSnake #GamingChallenge #HighScore"", ""hashtags"": ""#SlitheringSnake,#GamingChallenge,#HighScore"", ""headline"": ""Can You Beat the Slithering Snake?"", ""call_to_action"": ""Play now and show us your score!""}",linkedin,linkedin.com/mock_url,posted,11/5/2025 17:03
3,9af813d5-713d-42e4-9a62-f4faefd16cea,"{""body"": ""Challenge yourself with the Slithering Snake Challenge! ?? Navigate, collect food, and avoid crashing! How high can you score? ?? #SlitheringSnake #GamingChallenge #HighScore"", ""hashtags"": ""#SlitheringSnake,#GamingChallenge,#HighScore"", ""headline"": ""Can You Beat the Slithering Snake?"", ""call_to_action"": ""Play now and show us your score!""}",reddit,reddit.com/mock_url,posted,11/5/2025 17:03
4,2384e9b6-1ab2-45be-90e8-76b3cc460ce7,"{""body"": ""Dive into Mini Minesweeper! Can you clear the board without hitting a mine? ????? #Gaming #Minesweeper #PuzzleGame #IndieDev #PlayNow"", ""hashtags"": ""#Gaming,#Minesweeper,#PuzzleGame,#IndieDev,#PlayNow"", ""headline"": ""Uncover the Fun!"", ""call_to_action"": ""Play now and challenge your mind!""}",twitter,twitter.com/mock_url,posted,11/5/2025 17:07
5,2384e9b6-1ab2-45be-90e8-76b3cc460ce7,"{""body"": ""Dive into Mini Minesweeper! Can you clear the board without hitting a mine? ????? #Gaming #Minesweeper #PuzzleGame #IndieDev #PlayNow"", ""hashtags"": ""#Gaming,#Minesweeper,#PuzzleGame,#IndieDev,#PlayNow"", ""headline"": ""Uncover the Fun!"", ""call_to_action"": ""Play now and challenge your mind!""}",linkedin,linkedin.com/mock_url,posted,11/5/2025 17:07
6,2384e9b6-1ab2-45be-90e8-76b3cc460ce7,"{""body"": ""Dive into Mini Minesweeper! Can you clear the board without hitting a mine? ????? #Gaming #Minesweeper #PuzzleGame #IndieDev #PlayNow"", ""hashtags"": ""#Gaming,#Minesweeper,#PuzzleGame,#IndieDev,#PlayNow"", ""headline"": ""Uncover the Fun!"", ""call_to_action"": ""Play now and challenge your mind!""}",reddit,reddit.com/mock_url,posted,11/5/2025 17:07
7,2d5b1c36-44d9-4f30-939e-389ff1295952,"{""body"": ""Dive into the strategic waters of #BattleshipBlitz! Can you outsmart your opponent and sink their fleet? ?????? Join the battle now!"", ""hashtags"": ""#BattleshipBlitz,#Gaming,#Strategy,#NavalBattle"", ""headline"": ""Set Sail for Victory!"", ""call_to_action"": ""Play now and claim your victory!""}",twitter,twitter.com/mock_url,posted,11/5/2025 17:09
8,2d5b1c36-44d9-4f30-939e-389ff1295952,"{""body"": ""Dive into the strategic waters of #BattleshipBlitz! Can you outsmart your opponent and sink their fleet? ?????? Join the battle now!"", ""hashtags"": ""#BattleshipBlitz,#Gaming,#Strategy,#NavalBattle"", ""headline"": ""Set Sail for Victory!"", ""call_to_action"": ""Play now and claim your victory!""}",linkedin,linkedin.com/mock_url,posted,11/5/2025 17:09
9,2d5b1c36-44d9-4f30-939e-389ff1295952,"{""body"": ""Dive into the strategic waters of #BattleshipBlitz! Can you outsmart your opponent and sink their fleet? ?????? Join the battle now!"", ""hashtags"": ""#BattleshipBlitz,#Gaming,#Strategy,#NavalBattle"", ""headline"": ""Set Sail for Victory!"", ""call_to_action"": ""Play now and claim your victory!""}",reddit,reddit.com/mock_url,posted,11/5/2025 17:09
